-- Deploy quizotron:initial-seeding to pg

BEGIN;

set client_encoding to 'utf-8';

--"level" table seed :

INSERT INTO "level" ("id", "name", "color") VALUES
(1, 'Débutant', '#5cb85c'),
(2, 'Confirmé', '#f0ad4e'),
(3, 'Expert', '#d9534f');


--"tag" table seed :

INSERT INTO "tag"("id", "name", "picture") VALUES
    (1, 'Cinéma et Télévision', 'https://img.freepik.com/vecteurs-premium/film-clap-doodle-action-croquis-dessines-main-clapper-element-prodaction-film_253081-1507.jpg?w=360'),
    (2, 'Géographie', 'https://i.pinimg.com/originals/31/05/e8/3105e8fa8c83a8380696dc2c9383c02f.jpg'),
    (3, 'Culture Générale', 'https://img.freepik.com/vecteurs-premium/icone-vecteur-art-ligne-vue-cote-cerveau-esprit-pour-applications-sites-web-medicaux_149267-2440.jpg?w=2000'),
    (4, 'Animaux', 'https://coloriage.info/images/ccovers/1596725584ragdoll-est-un-caht-originaire-des-Etats-Unis.jpg'),
    (5, 'Sport', 'https://static.vecteezy.com/ti/vecteur-libre/p3/1844211-tennis-raquette-vector-design-illustration-isole-sur-fond-blanc-gratuit-vectoriel.jpg'),
    (6, 'Jeux Vidéo', 'https://encrypted-tbn0.gstatic.com/images?q=tbn:ANd9GcSOg4o8gWueYDXR9D0j0NlMA0_ypmxPGkBZlg&usqp=CAU'),
    (7, 'Littérature', 'https://static.vecteezy.com/ti/vecteur-libre/p3/3409933-dessin-stylo-et-livre-continu-une-ligne-simple-dessin-vectoriel.jpg'),
    (8, 'Arts', 'https://tglcreation.com/3608-thickbox_default/tampon-fidelite-pinceaux.jpg'),
    (9, 'Musique', 'https://img.freepik.com/vecteurs-premium/illustration-vectorielle-doodle-dessine-main-guitare-classique-instrument-musique-cordes-pincees_501907-719.jpg?w=2000'),
    (10, 'Histoire', 'https://media.istockphoto.com/id/1214245524/fr/vectoriel/sablier.jpg?s=612x612&w=0&k=20&c=vePfsind1oAijcghSFFLi1Ma4OcAiJXjZGyufpLexOs='),
    (11, 'Nature', 'https://img.freepik.com/vecteurs-premium/arbre-croquis-doodle-dessine-main_593408-881.jpg?w=360'),
    (12, 'Sciences et tecchnologies', 'https://png.pngtree.com/png-vector/20220609/ourmid/pngtree-mechanical-cogs-technology-vector-sketch-png-image_4947465.png');


-- "quiz" table seed:

INSERT INTO "quiz"("id", "title", "picture", "tag_id", "level_id") VALUES
    (1, 'Star Wars Episode V', 'https://cdn.wallpapersafari.com/41/82/lnP7DR.jpg', 1, 2),
    (2, 'Breaking Bad', 'https://wallpaperaccess.com/full/781822.jpg', 1, 1),
    (3, 'Mexique', 'https://wallpapers.com/images/featured/6g2c0dcx89ayis8l.jpg', 2, 1),
    (4, 'Le Périgord', 'https://www.velorizons.com/mf_websites/velorizons/uploads/fr/circuit/circuit_275/perigord-velo-2_1607705254.jpg', 2, 1),
    (5, 'Océan Atlantique', 'https://www.10wallpaper.com/wallpaper/1920x1080/1501/atlantic_ocean-Nature_HD_Wallpaper_1920x1080.jpg', 2, 2),
    (6, 'La joie des maths', 'https://www.pixelstalk.net/wp-content/uploads/2016/05/Mathematics-desktop-1920x1080-hd-wallpaper.jpg', 3, 3),
    (7, 'Culture : Généralités', 'https://www.numerama.com/wp-content/uploads/2022/02/cerveau-taille.jpg', 3, 2),
    (8, 'Le Koala', 'https://images.wallpaperscraft.com/image/single/koala_animal_gray_195723_1920x1080.jpg', 4, 2),
    (9, 'Les requins', 'https://voyage-onirique.com/wp-content/uploads/2020/04/Requin.jpg', 4, 2),
    (10, 'Animaux : Générale', 'https://www.anigaido.com/media/dossier/1-100/33/tigre-7-thomas-pierre-xl.jpg', 4, 1),
    (11, 'Boxe', 'https://s1.1zoom.me/b5050/58/Boxing_Men_Two_Human_back_To_hit_552122_1920x1080.jpg', 5, 2),
    (12, 'Les combattants francais de MMA', 'https://i.f1g.fr/media/cms/1920x1080_crop/2022/09/04/0604535ce64b8857e92c6eb5c19b5a8c55430d8b9a3f390cc1d1f82c6dafe538.jpg', 5, 3),
    (13, 'Zelda Ocarina of Time', 'https://rare-gallery.com/uploads/posts/516249-the-legend-of.jpg', 6, 1),
    (14, 'Dofus', 'https://i.pinimg.com/originals/ef/53/cf/ef53cf47091a76a01a4a53514311b6b9.jpg', 6, 1),
    (15, 'Les aventures de Tom Sawyer', 'https://www.themoviedb.org/t/p/original/hrrfBmMgIwq8bj1OKXrC7ekPedJ.jpg', 7, 2),
    (16, 'Le sorceleur', 'https://wallpaper.dog/large/840962.jpg', 7, 1),
    (17, 'Claude Monet ', 'https://s1.1zoom.me/b5153/852/Pictorial_art_Boats_Sailing_Claude_Monet_Soleil_533445_1920x1080.jpg', 8, 2),
    (18, 'Sculpture', 'https://images8.alphacoders.com/938/938293.jpg', 8, 3),
    (19, 'John Williams', 'https://cdn.wallpapersafari.com/63/8/cPIe8A.jpg', 9, 3),
    (20, 'Musique classique', 'https://ds.static.rtbf.be/article/image/1920x1080/9/1/d/420824960f755f8721c47b6027ead6ab-1679486524.jpg', 9, 2),
    (21, 'Première Guerre Mondiale', 'https://ds.static.rtbf.be/article/image/1920x1080/c/5/5/1319c26b37ea5c6413750b06f30f6b6a-1576835117.jpg', 10, 2),
    (22, 'Histoire de France', 'https://encrypted-tbn0.gstatic.com/images?q=tbn:ANd9GcTC7O-1KwfsfSte4F0gPoi3wTRq1Oa_7aOFJQ&usqp=CAU', 10, 1),
    (23, 'La déforestation', 'https://www.10wallpaper.com/wallpaper/1920x1080/1512/Thick_forest-High_Quality_HD_Wallpaper_1920x1080.jpg', 11, 1),
    (24, 'Montagnes du monde', 'https://s1.1zoom.me/b5050/759/Norway_Mountains_Island_Bridges_Sunrises_and_574120_1920x1080.jpg', 11, 1),
    (25, 'Javascript', 'https://cdn.hashnode.com/res/hashnode/image/upload/v1676914179909/2ca70552-f1e8-44e9-ba1a-2d69eedd8fe4.jpeg', 12, 2),
    (26, 'Système solaire', 'https://w.forfun.com/fetch/38/389b0f8e2dc929a4acb0ac886ff833d4.jpeg', 12, 1);


-- "question" table seed:

INSERT INTO "question" ("id", "description", "quiz_id") VALUES
(1, 'Quel est le nom de la planête polaire ou est située la base rebelle ?', 1),
(2, 'Comment se nomme la monture qu''utilise Luke sur cette même planète ?', 1),
(3, 'Obi wan conseille à luke de se rendre sur Dagobah pour recevoir l''enseignement de ...', 1),
(4, 'Quel est le type du vaisseau qui coule dans les eaux de Dagobah ?', 1),
(5, 'Qui se cache sous le masque de Vador lorsque Luke l''affronte sur Dagobah ?', 1),
(6, 'Quel est le nom de la planête ou Han souhaite réparer le faucon millenium ?', 1),
(7, 'Sur cette même planète il rentre en contact avec son ami Lando', 1),
(8, '""Que répond Han à Leia lui disant """"Je t''aime"""" avant d''être plongé dans la carbonite ?""', 1),
(9, 'Quel avant bras ce fait trancher Luke lors de son face à face avec Vador', 1),
(10, 'Qui est le réalisateur de l''Empire contre attaque ?', 1),
(11, 'Quel est le métier de Walter White ?', 2),
(12, 'Dans quelle ville se déroule l''histoire de Breaking Bad ?', 2),
(13, 'Comment s''appelle le fils de Walter White ?', 2),
(14, 'De quoi est atteint Walter White ?', 2),
(15, 'Comment s''appelle l''avocat de Walter White ?', 2),
(16, 'Qui est la sœur de Skyler ?', 2),
(17, 'Qui élimine Gale Boetticher ?', 2),
(18, 'Quel objet Walter White découvre dans sa piscine après le crash d''un avion ?', 2),
(19, 'Dans quel service de police travaille Hank ?', 2),
(20, 'Dans quel récipient Jesse finit-il par dissoudre le corps d''Emilio ?', 2),
(21, 'Quelle est la capitale du Mexique ?', 3),
(22, 'Quel est le plus grand désert du Mexique ?', 3),
(23, 'Quel est le plus haut sommet du Mexique ?', 3),
(24, 'Quels sont les deux océans bordant le Mexique ?', 3),
(25, 'Quel est le nom du plus grand canyon d''Amérique du Nord situé au Mexique ?', 3),
(26, 'Quel est le nom de la célèbre station balnéaire située sur la côte ouest du Mexique ?', 3),
(27, 'Quelle est la plus grande ville du Mexique en termes de population ?', 3),
(28, 'Quel est le nom de la péninsule située à l''est du Mexique ?', 3),
(29, 'Quel est le nom de l''ancienne civilisation précolombienne qui a construit des pyramides à Teotihuacan ?', 3),
(30, 'Dans quelle région du Mexique se trouve la célèbre ville coloniale de San Miguel de Allende ?', 3),
(31, 'Laquelle de ces couleurs ne désigne pas une région du Périgord ?', 4),
(32, 'Comment appelle-t-on les habitants de la ville de Périgueux ?', 4),
(33, 'Dans quel département le Périgord et ses quatre régions sont-ils inscrits ?', 4),
(34, 'Quelle spécialité culinaire du Périgord est issue de l''engraissement par gavage ?', 4),
(35, 'Quelle grotte ornée du Paléolithique se situe dans la vallée de la Vézère ?', 4),
(36, 'À quoi la région du Périgord blanc doit-elle principalement son nom ?', 4),
(37, 'Quel confit se mange généralement avec des pommes de terre à la sarladaise ?', 4),
(38, 'Avec ses grands champs de céréales quel surnom est donné au Périgord blanc ?', 4),
(39, 'Autour de quelle ville se déploient les vignobles du Périgord pourpre ?', 4),
(40, 'Que produisent en classification AOC 612 communes du Périgord ?', 4),
(41, 'Quelle est la forme de l’océan Atlantique vu depuis l’espace ?', 5),
(42, 'Comment appelle-t-on l’endroit situé dans l’océan Atlantique où sont censés avoir disparu des dizaines de bateaux et d’avions ?', 5),
(43, 'Lequel de ces pays ne possède pas de littoral atlantique ?', 5),
(44, 'Quel explorateur a effectué la première traversée en bateau de l’océan Atlantique ?', 5),
(45, 'Quel pourcentage de la surface de la Terre l’océan Atlantique recouvre-t-il ?', 5),
(46, 'Comment s’appelle la chaîne de montagnes située sous l’océan Atlantique ?', 5),
(47, 'Quel canal relie l’océan Atlantique à l’océan Pacifique ?', 5),
(48, 'Quel est le nom du cap qui permet de passer de l’Atlantique au Pacifique en contournant par le sud le continent américain ?', 5),
(49, 'Laquelle de ces îles est située dans l’océan Atlantique ?', 5),
(50, 'Combien de jours ont été nécessaires à Christophe Colomb pour réaliser sa 1ʳᵉ traversée de l''Atlantique en bateau ?', 5),
(51, 'Quel est le nombre Pi arrondi à deux décimales près ?', 6),
(52, 'Qui est considéré comme le père de l''algèbre moderne ?', 6),
(53, 'Quel est le nom du théorème qui énonce que dans un triangle rectangle le carré de l''hypoténuse est égal à la somme des carrés des deux autres côtés ?', 6),
(54, 'Quelle est la formule pour calculer l''aire d''un cercle ?', 6),
(55, 'Quel est le nombre d''or arrondi à deux décimales près ?', 6),
(56, 'Combien de faces a un tétraèdre ?', 6),
(57, 'Quel est le nom du nombre qui est égal à la somme de tous les nombres entiers de 1 à n ?', 6),
(58, 'Quel est le nom de la fonction mathématique qui calcule la dérivée d''une fonction ?', 6),
(59, 'Quelle est la formule pour calculer la circonférence d''un cercle ?', 6),
(60, 'Quelle est la formule de l''équation quadratique ?', 6),
(61, 'Quel célèbre dictateur dirigea l’URSS du milieu des années 1920 à 1953 ?', 7),
(62, 'Dans quel pays peut-on trouver la Catalogne l’Andalousie et la Castille ?', 7),
(63, 'Qui a dit : « Le sort en est jeté » (Alea jacta est) ?', 7),
(64, 'Par quel mot désigne t-on une belle mère cruelle ?', 7),
(65, 'Quel cinéaste a réalisé « Parle avec elle » et « Volver » ?', 7),
(66, 'Quelle profession est concernée par le serment d''Hippocrate ?', 7),
(67, 'Choisissez la bonne forme : elle … le café chez elle par elle-même !', 7),
(68, 'Quel pays a remporté la coupe du monde de football en 2014 ?', 7),
(69, 'Dans quelle ville italienne l’action de la pièce de Shakespeare « Roméo et Juliette » se situe-t-elle ?', 7),
(70, 'À qui doit-on la chanson « I Shot the Sheriff » ?', 7),
(71, 'Le koala est un marsupial. Que signifie cela ?', 8),
(72, 'Le koala est endémique de quel pays ?', 8),
(73, 'De quoi se nourrit principalement le koala ?', 8),
(74, 'Combien de temps par jour le koala dort-il ?', 8),
(75, 'Comment le koala obtient-il de l''eau ?', 8),
(76, 'Quel est le principal prédateur naturel du koala ?', 8),
(77, 'Les koalas sont-ils en danger d''extinction ?', 8),
(78, 'Combien de temps peut vivre un koala en captivité ?', 8),
(79, 'Comment le koala communique-t-il avec ses congénères ?', 8),
(80, 'Les koalas peuvent-ils sauter d''arbre en arbre comme les singes ?', 8),
(81, 'Quel labo a pour mission de prélever un échantillon d''ADN sur des requins-citrons ?', 9),
(82, 'De quoi se nourrit principalement le requin-baleine tout en se déplaçant assez lentement ?', 9),
(83, 'Combien de techniciens fallait-il pour manipuler un faux requin des « Dents de la mer » ?', 9),
(84, 'Quel pourcentage du poids total du requin le foie peut-il représenter ?', 9),
(85, 'Combien de nageoires possèdent la plupart des requins ?', 9),
(86, 'Quelle nageoire est utilisée comme stabilisateur par les requins ?', 9),
(87, 'Pour quelle raison la peau des requins femelles est-elle plus épaisse que celle des mâles ?', 9),
(88, 'Quelle place le centre olfactif occupe-t-il dans le cerveau du requin ?', 9),
(89, 'Quel requin est considéré comme le plus grand poisson vivant actuellement sur Terre ?', 9),
(90, 'Quel poisson est régulièrement accroché aux requins par le biais d''une ventouse ?', 9),
(91, 'Où vont la plupart des papillons monarques qui quittent le Canada à l’automne?', 10),
(92, 'À quel ordre le plus petit mammifère au monde appartient-il?', 10),
(93, 'Quelle est l’espérance de vie 2ne d’une pieuvre commune?', 10),
(94, 'Quel est l’animal terrestre le plus rapide de la planète?', 10),
(95, 'Pourquoi les lions chassent-ils moins souvent que les lionnes?', 10),
(96, 'Laquelle de ces croyances populaires sur les animaux est vraie?', 10),
(97, 'Quel est le plus gros animal connu de l’histoire de notre planète?', 10),
(98, 'Le plus grand ennemi de la vipère est :', 10),
(99, 'Aux Galapagos cet animal est protégé :', 10),
(100, 'Combien de pattes maximum possède un mille-pattes ?', 10),
(101, 'Qui est considéré comme le plus grand boxeur de tous les temps ?', 11),
(102, 'Dans quelle partie du corps se trouve le foie une cible courante pour les boxeurs ?', 11),
(103, 'Quelle est la durée d''un combat de boxe professionnelle ?', 11),
(104, 'Quel boxeur a remporté la médaille d''or aux Jeux olympiques de 1960 à Rome ?', 11),
(105, 'Comment s''appelle le coup qui consiste à frapper avec le dos du poing ?', 11),
(106, 'Combien de poids différents y a-t-il en boxe professionnelle ?', 11),
(107, 'Comment s''appelle le coup porté avec la main arrière en traversant le corps de l''adversaire ?', 11),
(108, '""Qui a remporté le combat légendaire """"Rumble in the Jungle"""" contre George Foreman en 1974 ?""', 11),
(109, 'Quel est le surnom de Mike Tyson ?', 11),
(110, 'Qui a remporté la médaille d''or aux Jeux olympiques de 2012 à Londres dans la catégorie poids lourds ?', 11),
(111, 'Quel combattant français s’est retiré du MMA professionnel en 2019 ?', 12),
(112, 'Quel coup a permis à Francis Ngannou d’obtenir le titre « KO de l’année » en 2017 ?', 12),
(113, 'Qui était alors son adversaire ?', 12),
(114, 'Quel est le record de Cyril Gane en MMA ?', 12),
(115, 'Quel ancien combattant français est devenu commentateur MMA sur RMC Sport ?', 12),
(116, 'Dans quelle catégorie combat le jeune Fares Ziam ?', 12),
(117, 'Qui est considéré comme le Mbappe du MMA français ?', 12),
(118, 'Quel Français a participé à la saison 22 de « The Ultimate Fighter » au sein de la Team McGregor ?', 12),
(119, 'Quel champion welterweight du glory s''est reconverti au MMA ?', 12),
(120, 'Quel champion de l''ARES est surnommé le Lazy King ? ', 12),
(121, 'Quel est le nom de la jument qui accompagne Link dans cette aventure ?', 13),
(122, 'Pour déverouiller la porte du temps Link doit rassembler l''émeraude kokiri le rubis goron ainsi que ...', 13),
(123, 'Comment se nomme la montagne ou réside la tribu Goron ?', 13),
(124, 'Quel est le nom de l''ocarina que Saria remet à Link avant de partir du village Kokiri ?', 13),
(125, 'Quel est la particularité de cette opus entre ces propositions', 13),
(126, 'Quel est le nom du boss dans le temple de l''Esprit ?', 13),
(127, 'Comment se nomment la nourice de zelda qui se révèlera être le sage du temple de l''ombre ?', 13),
(128, 'En quelle année est sorti Ocarina of time ?', 13),
(129, 'De quelle tribu est originaire Ganondorf ?', 13),
(130, 'Quel est la véritable identité de Sheik ?', 13),
(131, 'Comment s’appelle l’île où l’on commence ?', 14),
(132, 'Quelle est la classe qui peut lancer des armures ?', 14),
(133, 'À quel niveau on peut porter TOUTE la panoplie bouftou ?', 14),
(134, 'Quel est le dernier boss de Frigost 2 ?', 14),
(135, 'Quel est le niveau maximal sur Dofus ?', 14),
(136, 'Quel est l’effet du Dofus Ocre ?', 14),
(137, 'Combien y’avait t-il de classes disponibles durant la 1.29 ?', 14),
(138, 'Quel est le nom de la société qui a créé Dofus ?', 14),
(139, 'Quel est le niveau nécessaire pour porter la panoplie Meulou ?', 14),
(140, 'De quel Dofus le Dragon-Cochon était-il le gardien dans les anciennes versions du jeu ?', 14),
(141, 'Quel est le vrai prénom de Tom ?', 15),
(142, 'Qui est la petite amie de Tom ?', 15),
(143, 'Sur quelle île Tom est allé jouer le pirate ?', 15),
(144, 'Qui est l''auteur de Tom Sawyer ?', 15),
(145, 'Qui a tué le docteur dans le cimetière ?', 15),
(146, 'Qui adopte Huckleberry Finn ?', 15),
(147, 'Ou habite Tom Sawyer ?', 15),
(148, 'Tom Sawyer est ...', 15),
(149, 'Quel est le véritable nom de l''ami de Tom Sawyer qui est souvent impliqué dans ses aventures ?', 15),
(150, 'Quel est le numéro de la chambre ou Joe cache le trésor ?', 15),
(151, 'Quel personne retient Ciri captive durant un long moment ?', 16),
(152, 'Qui fut nommée reine de Dol Blathann par Emhyr var Emreis ?', 16),
(153, '""Quelles sont les dites trois """"anciennes races"""" ?""', 16),
(154, 'Où l''invasion Nilfgaardienne fut-elle stoppée lors de la première guerre contre les Royaumes du Nord ?', 16),
(155, 'Quel nom Geralt donne-t-il à ses chevaux ?', 16),
(156, 'Qui sont Visenna et Korin ?', 16),
(157, 'Quelle est la capitale de la Témérie ?', 16),
(158, 'Qui s''est décidé à créer la loge des Magiciennes ?', 16),
(159, 'Qui est l''empereur de Nilfgaard ?', 16),
(160, '""Qu''advient-il de la bande des """"rats"""" ?""', 16),
(161, 'Quel est le nom complet de Claude Monet ?', 17),
(162, 'Quel est le mouvement artistique auquel Claude Monet a appartenu ?', 17),
(163, 'Où est né Claude Monet ?', 17),
(164, 'Quel est le titre de la série de peintures de Claude Monet représentant des nymphéas ?', 17),
(165, 'Dans quelle ville se trouve la célèbre maison de Claude Monet ?', 17),
(166, 'Quel est le nom de la femme qui a été l''épouse de Claude Monet ?', 17),
(167, 'Dans quelle période de sa vie Claude Monet a-t-il réalisé ses tableaux de la cathédrale de Rouen ?', 17),
(168, 'Combien de fois Claude Monet a-t-il peint le pont japonais dans son jardin de Giverny ?', 17),
(169, 'Quel est le nom du musée parisien où se trouve la série de peintures de Claude Monet représentant les meules de foin ?', 17),
(170, 'Quel est le nom du célèbre tableau de Claude Monet représentant un paysage de sa ville natale Le Havre ?', 17),
(171, 'Combien mesurent en hauteur les portes du paradis de Lorenzo Ghiberti ?', 18),
(172, 'Dans quelle ville se trouve le Puits de Moïse de Claus Sluter ?', 18),
(173, 'Dans quel musée est exposée Psyché ranimée par le baiser de l''Amour d''Antonio Canova ?', 18),
(174, 'Le Mont Rushmore dans l''état du Dakota du sud représente quatre presidents américain : Theodore Roosevelt George Washington Abraham Lincoln... qui est le 4ème ?', 18),
(175, 'Le David est une sculpture de la Renaissance. Qui l''a réalisé entre 1501 et 1504 ?', 18),
(176, 'Quel sculpteur est l''auteur de l''oeuvre le baiser ?', 18),
(177, 'La Cloud Gate est une sculpture urbaine de l''artiste Anish Kapoor. Quelle est sa nationalité ?', 18),
(178, 'A quel sculpteur français le projet de la statue de la liberté a-t-il été confié ?', 18),
(179, 'L''enlèvement des Sabines est une oeuvre de quel sculpteur ?', 18),
(180, 'Dans quel musée peut on voir la sculpture d''Agasias le Galate mourant ?', 18),
(181, 'Quel est le nom de l''orchestre pour lequel John Williams a écrit la célèbre musique de Star Wars ?', 19),
(182, 'Quel est le nom de l''œuvre pour laquelle John Williams a remporté son premier Oscar de la meilleure musique de film en 1972 ?', 19),
(183, 'Quel est le nom de l''œuvre de John Williams qui a été utilisée comme thème des Jeux Olympiques d''été de 1984 à Los Angeles ?', 19),
(184, 'Quel est le nom de l''acteur pour lequel John Williams a composé la musique de la plupart de ses films dont la célèbre trilogie Indiana Jones ?', 19),
(185, 'Quel est le nom de la célèbre musique de John Williams qui a été utilisée comme thème principal de la saga Star Wars ?', 19),
(186, 'Quel est le nom de l''œuvre de John Williams pour laquelle il a remporté son cinquième Oscar de la meilleure musique de film en 1993 ?', 19),
(187, 'Quel est le nom de l''œuvre de John Williams qui a remporté le Grammy Award de la meilleure composition instrumentale en 1987 ?', 19),
(188, 'Quel est le nom de l''œuvre de John Williams pour laquelle il a remporté son quatrième Oscar de la meilleure musique de film en 1984 ?', 19),
(189, 'Quel est le nom de l''œuvre de John Williams qui a remporté le BAFTA Award de la meilleure musique de film en 1988 ?', 19),
(190, 'Quel est le nom de l''œuvre de John Williams qui a été utilisée comme thème principal des Jeux Olympiques d''hiver de 2002 à Salt Lake City ?', 19),
(191, 'Quel morceau de Beethoven est joué à la harpe dans « Django Unchained » de Quentin Tarantino ?', 20),
(192, 'Quelle musique de Beethoven est devenue l’hymne officiel de l’Union européenne ?', 20),
(193, 'Il est l’auteur d''un célèbre Adagio et s’appelle Tomaso ...', 20),
(194, 'Quel instrument est enchanté dans une musique de Mozart ?', 20),
(195, 'Qui a composé « Les noces de Figaro » ?', 20),
(196, 'Qui a composé « Prélude à l’après-midi d’un faune » ?', 20),
(197, 'Qui a composé la musique de l’opéra « Guillaume Tell » ?', 20),
(198, 'Quel est le prénom du compositeur Bizet ?', 20),
(199, 'Complétez le titre de cette musique de Richard Wagner « La ... des walkyries » :', 20),
(200, 'Quel est l’intrus parmi ces compositions de Tchaïkovsky ?', 20),
(201, 'Quand la Première Guerre mondiale a-t-elle commencé ?', 21),
(202, 'Quel est le nom du traité de paix signé à la fin de la Première Guerre mondiale ?', 21),
(203, 'Qui était le président de la République française pendant la Première Guerre mondiale ?', 21),
(204, 'Quel est le nom de la bataille qui a eu lieu en 1916 et qui est considérée comme la plus sanglante de la Première Guerre mondiale ?', 21),
(205, 'Quel est le nom de la première grande bataille de la Première Guerre mondiale qui a eu lieu en 1914 et qui a vu la victoire des Français sur les Allemands ?', 21),
(206, 'Quel est le nom de l''offensive allemande de 1918 qui a failli provoquer la défaite de la France et de ses alliés ?', 21),
(207, 'Quel est la date de la signature du Traité de Versaille ?', 21),
(208, 'Quel est le nom de l''armistice qui a mis fin à la Première Guerre mondiale ?', 21),
(209, 'Quel est le nom de l''organisation secrète responsable de l''assassinat de l''archiduc François-Ferdinand d''Autriche en 1914 événement qui a déclenché la Première Guerre mondiale ?', 21),
(210, 'Quel est le nom du maréchal français qui a dirigé les forces alliées pendant la Première Guerre mondiale et qui est considéré comme le héros de la bataille de la Marne ?', 21),
(211, 'Quel est le nom du traité signé en 1919 pour la paix entre la France la Grande-Bretagne l''Italie et les États-Unis avec l''Allemagne ?', 22),
(212, 'Laquelle de ces villes n’a jamais été la capitale de la France ou de la Gaule au travers des années ?', 22),
(213, 'Quel est le nom donné au roi Louis VI ?', 22),
(214, 'En 1940 dans quelle ville le gouvernement français décide de s’installer pour des raisons stratégiques ?', 22),
(215, 'Sur quelles plages les alliés américains ont-ils débarqué en 1944 ?', 22),
(216, 'Quel surnom donnait-on aux rois Mérovingiens à cause d’une particularité capillaire ?', 22),
(217, 'Quelle est la célèbre épée qui permit à Roland de couvrir la retraite de Charlemagne lors de la bataille de Roncevaux ?', 22),
(218, 'Depuis quand le chant La Marseillaise est-il l''hymne national de la France ?', 22),
(219, 'À quoi correspond la date du 11 novembre dans l’histoire de France ?', 22),
(220, 'Quelle dynastie succède aux rois Mérovingiens ?', 22),
(221, 'Qu''est-ce que la déforestation ?', 23),
(222, 'Quelle est la principale cause de la déforestation dans le monde ?', 23),
(223, 'Dans quelle région du monde la déforestation est-elle la plus intense ?', 23),
(224, 'Combien d''hectares de forêt sont détruits chaque année dans le monde ?', 23),
(225, 'Quels sont les impacts environnementaux de la déforestation ?', 23),
(226, 'Quels sont les impacts humains de la déforestation ?', 23),
(227, 'Quelles sont les solutions pour lutter contre la déforestation ?', 23),
(228, 'Quelle est la principale certification de gestion forestière durable ?', 23),
(229, 'Quel pourcentage de la surface terrestre représente les forêts ?', 23),
(230, 'Quelle proportion d''espèces d''arbres en Europe connues sont en danger dû à la destruction des forêts ?', 23),
(231, 'Quel est le plus haut sommet du monde ?', 24),
(232, 'Quelle est la hauteur à la pointe de l’Everest ?', 24),
(233, 'Quel est le second sommet le plus haut du monde après l’Everest ?', 24),
(234, 'Quelle est l’altitude du sommet du mont Blanc ?', 24),
(235, 'Sur quel continent se trouve le mont Kilimandjaro d’une hauteur de 5895 m ?', 24),
(236, 'Quel est le nom du point culminant des Pyrénées françaises ?', 24),
(237, 'Quelle montagne est située en Grèce ?', 24),
(238, 'Quelle est la plus longue chaîne de montagnes au monde ?', 24),
(239, 'Dans quelle chaîne de montagnes se trouve le sommet nommé Annapurna ?', 24),
(240, 'Quel pays est traversé par le massif de l’Atlas ?', 24),
(241, 'Quel est le type de données renvoyé par typeof dans JavaScript ?', 25),
(242, 'Quelle méthode de l''objet Array permet d''ajouter un élément à la fin d''un tableau ?', 25),
(243, 'Comment peut-on créer un nouvel élément HTML en JavaScript ?', 25),
(244, 'Quel est l''objet JavaScript qui permet de manipuler les dates et les heures ?', 25),
(245, 'Comment peut-on ajouter un événement à un élément HTML en JavaScript ?', 25),
(246, 'Comment peut-on arrêter l''exécution d''une boucle en JavaScript ?', 25),
(247, 'Comment peut-on convertir une chaîne de caractères en nombre en JavaScript ?', 25),
(248, 'Quelle méthode permet de retirer le dernier élément d''un tableau en JavaScript ?', 25),
(249, 'Comment peut-on ajouter un élément au début d''un tableau en JavaScript ?', 25),
(250, 'Comment peut-on vérifier si un élément est présent dans un tableau en JavaScript ?', 25),
(251, 'Quel est l''âge estimé du système solaire ?', 26),
(252, 'En astronomie qu''est-ce qu''une étoile ?', 26),
(253, 'Quand Neil Amrstong et Buzz Aldrin ont-ils marché sur la Lune ?', 26),
(254, '""Quelle planète est souvent décrite comme """"la sœur jumelle de la Terre"""" ?""', 26),
(255, 'En combien de temps la Terre fait-elle le tour du soleil ?', 26),
(256, 'Quel est le nom des planètes que les astronomes découvrent en dehors de notre système solaire ?', 26),
(257, 'Quelle est la température moyenne à la surface de Mercure planète la plus proche du Soleil ?', 26),
(258, 'En quelle année Gallilée a-t-il découvert le premier anneau de Saturne ?', 26),
(259, 'Laquelle de ces planètes n''est pas une planète tellurique ?', 26),
(260, 'Sur quelle planète ou satellite votre propre poids serait le plus lourd ?', 26);


-- "answer" table seed:

INSERT INTO "answer" ("id", "description", "is_valid", "question_id") VALUES
(1, 'Jakku', false, 1),
(2, 'Coruscant', false, 1),
(3, 'Korriban', false, 1),
(4, 'Hoth', true, 1),
(5, 'Tauntaun', true, 2),
(6, 'Tukata', false, 2),
(7, 'Bantha', false, 2),
(8, 'shyracc', false, 2),
(9, 'Shaak Ti', false, 3),
(10, 'Qui gon jin ', false, 3),
(11, 'Yoda', true, 3),
(12, 'Yaddle', false, 3),
(13, 'X-wing', true, 4),
(14, 'Y-wing', false, 4),
(15, 'A-wing', false, 4),
(16, 'T-wing', false, 4),
(17, 'Leia', false, 5),
(18, 'Han solo', false, 5),
(19, 'Luke', true, 5),
(20, 'Chewbacca', false, 5),
(21, 'Dantooine', false, 6),
(22, 'Bespin', true, 6),
(23, 'Telos', false, 6),
(24, 'Tatooine', false, 6),
(25, 'Organa', false, 7),
(26, 'Korissandre', false, 7),
(27, 'Calrissian', true, 7),
(28, 'Rand', false, 7),
(29, 'Je sais', true, 8),
(30, 'Moi aussi ', false, 8),
(31, 'T''inquiète', false, 8),
(32, 'Je t''aime', false, 8),
(33, 'Le droit', true, 9),
(34, 'Le gauche', false, 9),
(35, 'Aucun ', false, 9),
(36, 'Les deux', false, 9),
(37, 'Richard Marquand ', false, 10),
(38, 'Irvin Kershner', true, 10),
(39, 'George Lucas', false, 10),
(40, 'Steven Spielberg', false, 10),
(41, 'Ingénieur', false, 11),
(42, 'Professeur de chimie', true, 11),
(43, 'Cancérologue', false, 11),
(44, 'Expert comptable', false, 11),
(45, 'New York', false, 12),
(46, 'Los Angeles', false, 12),
(47, 'Albuquerque', true, 12),
(48, 'Chicago', false, 12),
(49, 'Jesse', false, 13),
(50, 'Walter White JR', true, 13),
(51, 'Malcolm', false, 13),
(52, 'Peter', false, 13),
(53, 'Cancer du poumon', true, 14),
(54, 'Cancer du cerveau', false, 14),
(55, 'Cancer de la prostate', false, 14),
(56, 'Cancer de la peau', false, 14),
(57, 'Mike Ehrmantraut', false, 15),
(58, 'Hank Schrader', false, 15),
(59, 'Lydia Rodarte-Quayle', false, 15),
(60, 'Saul Goodman', true, 15),
(61, 'Marie', true, 16),
(62, 'Skylen', false, 16),
(63, 'Gretchen', false, 16),
(64, 'Lydia', false, 16),
(65, 'Gustavo Fring', false, 17),
(66, 'Mike Ehrmantraut', false, 17),
(67, 'Jesse Pinkman', true, 17),
(68, 'Crazy 8', false, 17),
(69, 'Une valise', false, 18),
(70, 'Un ours en peluche', true, 18),
(71, 'Un cadavre', false, 18),
(72, 'Une arme', false, 18),
(73, 'La police d''Albuquerque', false, 19),
(74, 'Le FBI', false, 19),
(75, 'La CIA', false, 19),
(76, 'La DEA', true, 19),
(77, 'Une baignoire', true, 20),
(78, 'Un aquarium', false, 20),
(79, 'Une cuve en métal', false, 20),
(80, 'Un bac en plastique', false, 20),
(81, 'Guadalajara', false, 21),
(82, 'Mexico', true, 21),
(83, 'Cancun', false, 21),
(84, 'Monterrey', false, 21),
(85, 'Le désert de Chihuahua', true, 22),
(86, 'Le désert de Sonora', false, 22),
(87, 'Le désert de Mojave', false, 22),
(88, 'Le désert d''Atacama', false, 22),
(89, 'Le Popocatepetl', false, 23),
(90, 'Le Nevado de Toluca', false, 23),
(91, 'Le Pico de Orizaba', true, 23),
(92, 'Le Cerro de la Silla', false, 23),
(93, 'L''océan Indien et l''océan Antarctique', false, 24),
(94, 'L''océan Pacifique et l''océan Indien', false, 24),
(95, 'L''océan Atlantique et la mer Méditerranée', false, 24),
(96, 'L''océan Pacifique et l''océan Atlantique (ou Golfe du Mexique)', true, 24),
(97, 'Le Grand Canyon du Colorado', false, 25),
(98, 'Le canyon de la rivière Columbia', false, 25),
(99, 'Le canyon de la rivière Snake', false, 25),
(100, 'Le canyon de Cuivre (Barranca del Cobre)', true, 25),
(101, 'Puerto Vallarta', true, 26),
(102, 'Cancun', false, 26),
(103, 'Cozumel', false, 26),
(104, 'Acapulco', false, 26),
(105, 'Mexico (ou Ciudad de México)', true, 27),
(106, 'Monterrey', false, 27),
(107, 'Guadalajara', false, 27),
(108, 'Tijuana', false, 27),
(109, 'La péninsule de Basse-Californie', false, 28),
(110, 'La péninsule du Yucatan', true, 28),
(111, 'La péninsule de Floride', false, 28),
(112, 'La péninsule de Nicoya', false, 28),
(113, 'Les Aztèques', true, 29),
(114, 'Les Mayas', false, 29),
(115, 'Les Olmèques', false, 29),
(116, 'Les Zapotèques', false, 29),
(117, 'Dans la région de Guanajuato', true, 30),
(118, 'Dans la région de Oaxaca', false, 30),
(119, 'Dans la région de Michoacán', false, 30),
(120, 'Dans la région de Chiapas', false, 30),
(121, 'Bleu', true, 31),
(122, 'Vert', false, 31),
(123, 'Blanc', false, 31),
(124, 'Pourpre', false, 31),
(125, 'Périgourdins', true, 32),
(126, 'Périeusins', false, 32),
(127, 'Promontois', false, 32),
(128, 'Pirigueusois', false, 32),
(129, 'Dordogne', true, 33),
(130, 'Calvados', false, 33),
(131, 'Vaucluse', false, 33),
(132, 'Aveyron', false, 33),
(133, 'Foie gras', true, 34),
(134, 'Poil de jarre', false, 34),
(135, 'Blanc de boeuf', false, 34),
(136, 'Propolis', false, 34),
(137, 'Lascaux', true, 35),
(138, 'Cussac', false, 35),
(139, 'Razet', false, 35),
(140, 'Niaux', false, 35),
(141, 'Pierre', true, 36),
(142, 'Miel', false, 36),
(143, 'Sable', false, 36),
(144, 'Sucre', false, 36),
(145, 'Confit de canard', true, 37),
(146, 'Confit d''oignons', false, 37),
(147, 'Confit de vin', false, 37),
(148, 'Confit de fleurs', false, 37),
(149, 'Grenier du Périgord', true, 38),
(150, 'Cave du Périgord', false, 38),
(151, 'Salon du Périgord', false, 38),
(152, 'Jardin du Périgord', false, 38),
(153, 'Bergerac', true, 39),
(154, 'Thiviers', false, 39),
(155, 'Montignac', false, 39),
(156, 'Le Bugue', false, 39),
(157, 'Noix', true, 40),
(158, 'Pommes', false, 40),
(159, 'Citrons', false, 40),
(160, 'Haricots', false, 40),
(161, 'La lettre I', false, 41),
(162, 'La lettre M', false, 41),
(163, 'La lettre S', true, 41),
(164, 'La lettre L', false, 41),
(165, 'Le triangle des Açores', false, 42),
(166, 'Le triangle des Caraibes', false, 42),
(167, 'Le triangle de l''Atlantique', false, 42),
(168, 'Le triangle des Bermudes', true, 42),
(169, 'L''uruguay', false, 43),
(170, 'Le suriname', false, 43),
(171, 'La somalie', true, 43),
(172, 'L''afrique du sud', false, 43),
(173, 'Vasco de Gama', false, 44),
(174, 'Fernand de Magellan', false, 44),
(175, 'Frédéric Cook', false, 44),
(176, 'Christophe Colomb', true, 44),
(177, '10%', false, 45),
(178, '20%', true, 45),
(179, '30%', false, 45),
(180, '36%', false, 45),
(181, 'La ventrale médio atlantique', false, 46),
(182, 'La médiane sous atlantique', false, 46),
(183, 'La dorsale médio atlantique', true, 46),
(184, 'La transversale sous atlantique', false, 46),
(185, 'Canal de Suez', false, 47),
(186, 'Canal de Panama', true, 47),
(187, 'Canal de Corinthe', false, 47),
(188, 'Canal de Kiel', false, 47),
(189, 'Cap Horn', true, 48),
(190, 'Cap de Bonne Esperance', false, 48),
(191, 'Cap Leeuwin', false, 48),
(192, 'Cap Vert', false, 48),
(193, 'La Guadeloupe', true, 49),
(194, 'La Nouvelle Calédonie', false, 49),
(195, 'L''île Maurice', false, 49),
(196, 'La Réunion', false, 49),
(197, '53 jours', false, 50),
(198, '36 jours', true, 50),
(199, '16 jours', false, 50),
(200, '9 jours', false, 50),
(201, '3.14', true, 51),
(202, '2.72', false, 51),
(203, '4.16', false, 51),
(204, '1.98', false, 51),
(205, 'Muhammad ibn Musa al-Khwarizmi', true, 52),
(206, 'Euclide', false, 52),
(207, 'Pythagore', false, 52),
(208, 'Archimède', false, 52),
(209, 'Théorème de Fermat', false, 53),
(210, 'Théorème de Bernoulli', false, 53),
(211, 'Théorème de Thalès', false, 53),
(212, 'Théorème de Pythagore', true, 53),
(213, '2πr', false, 54),
(214, 'πr²', true, 54),
(215, '(π/2)r', false, 54),
(216, '4πr²', false, 54),
(217, '2.71', false, 55),
(218, '1.62', true, 55),
(219, '0.97', false, 55),
(220, '1.25', false, 55),
(221, '10', false, 56),
(222, '8', false, 56),
(223, '4', true, 56),
(224, '6', false, 56),
(225, 'Somme de Gauss', true, 57),
(226, 'Nombre d''Euler', false, 57),
(227, 'Nombre d''Archimède', false, 57),
(228, 'Nombre de Fibonacci', false, 57),
(229, 'Fonction exponentielle', false, 58),
(230, 'Limite', false, 58),
(231, 'Intégrale', false, 58),
(232, 'Dérivée', true, 58),
(233, 'πr²', false, 59),
(234, '2πr', true, 59),
(235, '(π/2)r', false, 59),
(236, '4πr²', false, 59),
(237, 'a² + b² = c²', false, 60),
(238, 'x = (-b ± √b²-4ac) / 2a', false, 60),
(239, 'ax² + bx + c = 0', true, 60),
(240, 'a/b = c/d', false, 60),
(241, 'Lénine ', false, 61),
(242, 'Trotski', false, 61),
(243, 'Staline', true, 61),
(244, 'Molotov', false, 61),
(245, 'Le Portugal', false, 62),
(246, 'La France', false, 62),
(247, 'L''Italie', false, 62),
(248, 'L''Espagne', true, 62),
(249, 'Vercingétorix', false, 63),
(250, 'César', true, 63),
(251, 'Attila', false, 63),
(252, 'Auguste', false, 63),
(253, 'Une godiche', false, 64),
(254, 'Une marâtre', true, 64),
(255, 'Une chenapan', false, 64),
(256, 'Une jocrisse', false, 64),
(257, 'Guillermo del Toro', false, 65),
(258, 'Woody Allen', false, 65),
(259, 'Pablo Trapero', false, 65),
(260, 'Pedro Almodovar', true, 65),
(261, 'Juge', false, 66),
(262, 'Pharmacien', false, 66),
(263, 'Médecin', true, 66),
(264, 'Avocat', false, 66),
(265, 'Moule', false, 67),
(266, 'Moud', true, 67),
(267, 'Moude', false, 67),
(268, 'Mouler', false, 67),
(269, 'Brésil', false, 68),
(270, 'Italie', false, 68),
(271, 'Argentine', false, 68),
(272, 'Allemagne', true, 68),
(273, 'Milan', false, 69),
(274, 'Rome', false, 69),
(275, 'Vérone', true, 69),
(276, 'Venise', false, 69),
(277, 'Bob Marley', true, 70),
(278, 'Eric Clapton', false, 70),
(279, 'Jim Morrison', false, 70),
(280, 'UB40', false, 70),
(281, 'Cela signifie qu''il pond des œufs.', false, 71),
(282, 'Cela signifie qu''il donne naissance à des petits vivants qui se nourrissent du lait de leur mère', true, 71),
(283, 'Cela signifie qu''il a des dents pointues comme un prédateur', false, 71),
(284, 'Cela signifie qu''il est amphibie.', false, 71),
(285, 'Australie', true, 72),
(286, 'Nouvelle-Zélande', false, 72),
(287, 'Japon', false, 72),
(288, 'Chine', false, 72),
(289, 'De feuilles d''eucalyptus', true, 73),
(290, 'De fruits', false, 73),
(291, 'De viande', false, 73),
(292, 'De graines', false, 73),
(293, '6 heures', false, 74),
(294, '12 heures', true, 74),
(295, '18 heures', false, 74),
(296, '24 heures', false, 74),
(297, 'En buvant dans les rivières et les lacs', false, 75),
(298, 'En léchant les feuilles d''eucalyptus qui contiennent de l''eau', true, 75),
(299, 'En mangeant des fruits juteux', false, 75),
(300, 'En plongeant dans les flaques d''eau', false, 75),
(301, 'Le serpent', false, 76),
(302, 'Le dingo', false, 76),
(303, 'Le léopard', false, 76),
(304, 'Le koala n''a pas de prédateurs naturels', true, 76),
(305, 'Oui', true, 77),
(306, 'Non', false, 77),
(307, 'On ne sait pas encore', false, 77),
(308, 'Seulement dans certaines régions du monde', false, 77),
(309, 'Jusqu''à 5 ans', false, 78),
(310, 'Jusqu''à 10 ans', false, 78),
(311, 'Jusqu''à 15 ans', false, 78),
(312, 'Jusqu''à 20 ans', true, 78),
(313, 'En criant fort', false, 79),
(314, 'En émettant des grognements et des bruits de succion', true, 79),
(315, 'En se touchant le nez', false, 79),
(316, 'En urinant sur les arbres', false, 79),
(317, 'Oui', true, 80),
(318, 'Non', false, 80),
(319, 'Seulement sur de courtes distances', false, 80),
(320, 'Seulement s''ils sont jeunes', false, 80),
(321, 'Shark Lab', true, 81),
(322, 'Lemon Lab', false, 81),
(323, 'Ocean Lab', false, 81),
(324, 'ADN Lab', false, 81),
(325, 'Plancton', true, 82),
(326, 'Mousses', false, 82),
(327, 'Phoques', false, 82),
(328, 'Crabes', false, 82),
(329, '13', true, 83),
(330, '9', false, 83),
(331, '5', false, 83),
(332, '2', false, 83),
(333, '25 %', true, 84),
(334, '12 %', false, 84),
(335, '6 %', false, 84),
(336, '1 %', false, 84),
(337, 'Huit', true, 85),
(338, 'Six', false, 85),
(339, 'Quatre', false, 85),
(340, 'Deux', false, 85),
(341, 'Dorsale', true, 86),
(342, 'Caudale', false, 86),
(343, 'Pectorale', false, 86),
(344, 'Pelvienne', false, 86),
(345, 'La parade nuptiale', true, 87),
(346, 'La chasse', false, 87),
(347, 'Les parasites', false, 87),
(348, 'La défense', false, 87),
(349, '2 sur 3', true, 88),
(350, '1 sur 3', false, 88),
(351, '1 sur 6', false, 88),
(352, '1 sur 12', false, 88),
(353, 'Requin-baleine', true, 89),
(354, 'Requin blanc', false, 89),
(355, 'Requin-tigre', false, 89),
(356, 'Requin nain', false, 89),
(357, 'Rémora', true, 90),
(358, 'Amora', false, 90),
(359, 'Chwawha', false, 90),
(360, 'Lémosa', false, 90),
(361, 'Au Mexique', true, 91),
(362, 'Au Texas', false, 91),
(363, 'Au Guatemala', false, 91),
(364, 'Au Brésil', false, 91),
(365, 'Rongeurs', false, 92),
(366, 'Chauves-souris', true, 92),
(367, 'Primates', false, 92),
(368, 'Lagomorphes', false, 92),
(369, 'De 12 à 15 ans', false, 93),
(370, 'De 8 à 10 ans', false, 93),
(371, 'De 3 à 5 ans', false, 93),
(372, 'de 1 à 2 ans', true, 93),
(373, 'Le léopard', false, 94),
(374, 'Le guépard', true, 94),
(375, 'Le jaguar', false, 94),
(376, 'L''antilope', false, 94),
(377, 'Par paresse', false, 95),
(378, 'Ils sont moins rapides que les femelles', false, 95),
(379, 'Ils sont occupés à proteger le territoire', true, 95),
(380, 'Les mâles sont supérieurs dans la hiérarchie', false, 95),
(381, 'Les poissons rouges ont une mémoire de quelques secondes', false, 96),
(382, 'Les éléphants ont une excellente mémoire', true, 96),
(383, 'Les chauves-souris sont aveugle', false, 96),
(384, 'Le rouge provoque les taureaux', false, 96),
(385, 'La baleine bleue', true, 97),
(386, 'Le mégalodon', false, 97),
(387, 'L''argentinosaure', false, 97),
(388, 'Le tyrannosaure rex', false, 97),
(389, 'Le renard', false, 98),
(390, 'Le ratel', false, 98),
(391, 'Le coq', false, 98),
(392, 'L''homme', true, 98),
(393, 'Le cochon nain', false, 99),
(394, 'La tortue géante', true, 99),
(395, 'Le zèbre', false, 99),
(396, 'Le crapaud buffle', false, 99),
(397, '200', false, 100),
(398, '400', true, 100),
(399, '700', false, 100),
(400, '1000', false, 100),
(401, 'Floyd Mayweather Jr.', false, 101),
(402, 'Muhammad Ali', true, 101),
(403, 'Manny Pacquiao', false, 101),
(404, 'Mike Tyson', false, 101),
(405, 'La tête', false, 102),
(406, 'Les jambes', false, 102),
(407, 'Le ventre', true, 102),
(408, 'Les bras', false, 102),
(409, '4 rounds', false, 103),
(410, '6 rounds', false, 103),
(411, '10 rounds', false, 103),
(412, '12 rounds', true, 103),
(413, 'Sugar Ray Leonard', false, 104),
(414, 'George Foreman', false, 104),
(415, 'Muhammad Ali', true, 104),
(416, 'Mike Tyson', false, 104),
(417, 'Le crochet', false, 105),
(418, 'Le jab', false, 105),
(419, 'L''uppercut', false, 105),
(420, 'Le coup de marteau', true, 105),
(421, '4', false, 106),
(422, '3', false, 106),
(423, '8', true, 106),
(424, '10', false, 106),
(425, 'Le direct', false, 107),
(426, 'Le crochet', true, 107),
(427, 'L''uppercut', false, 107),
(428, 'Le swing', false, 107),
(429, 'Joe Frazier', false, 108),
(430, 'Mike Tyson', false, 108),
(431, 'Muhammad Ali', true, 108),
(432, 'Sugar Ray Robinson', false, 108),
(433, 'Iron Mike', true, 109),
(434, 'The Greatest', false, 109),
(435, 'Pretty Boy', false, 109),
(436, 'The Hitman', false, 109),
(437, 'Anthony Joshua', true, 110),
(438, 'Lennox Lewis', false, 110),
(439, 'Evander Holyfield', false, 110),
(440, 'George Foreman', false, 110),
(441, 'Francis Ngannou', false, 111),
(442, 'Cheick Kongo', false, 111),
(443, 'Tom Duquesnoy', true, 111),
(444, 'Nordine Taleb', false, 111),
(445, 'Crochet droit', false, 112),
(446, 'High kick', false, 112),
(447, 'Clé de talon', false, 112),
(448, 'Uppercut', true, 112),
(449, 'Alistair Overeem', true, 113),
(450, 'Curtis Blaydes', false, 113),
(451, 'Anthony Hamilton', false, 113),
(452, 'Stipe Miocic', false, 113),
(453, '13-1', false, 114),
(454, '11-2', true, 114),
(455, '10-3', false, 114),
(456, '11-0', false, 114),
(457, 'Cyrille Diabaté', false, 115),
(458, 'Xavier Foupa-Pokam', true, 115),
(459, 'Samy Schiavo', false, 115),
(460, 'Tom Duquesnoy', false, 115),
(461, 'Poids-coqs', true, 116),
(462, 'Poids-plumes', false, 116),
(463, 'Poids-légers', false, 116),
(464, 'Poids-moyens', false, 116),
(465, 'Morgan Charriere', false, 117),
(466, 'Mansour Barnaoui', false, 117),
(467, 'Cyril Gane', false, 117),
(468, 'Salahdine Parnasse', true, 117),
(469, 'Medhi Bagdad', true, 118),
(470, 'Cyril Asker', false, 118),
(471, 'Thibault Gouti', false, 118),
(472, 'Morgan Charriere', false, 118),
(473, 'Yoann Kongolo', false, 119),
(474, 'Yohann Lidon', false, 119),
(475, 'Cédric Doumbé', true, 119),
(476, 'Raphaël Mebenga', false, 119),
(477, 'Gregory Babene', false, 120),
(478, 'Abdoul Abdouraguimov', true, 120),
(479, 'Damien Lapilus', false, 120),
(480, 'Hugo Guillon', false, 120),
(481, 'Midona', false, 121),
(482, 'Fay', false, 121),
(483, 'Saria', false, 121),
(484, 'Epona', true, 121),
(485, 'Le saphir Zora', true, 122),
(486, 'Le topaze piaf', false, 122),
(487, 'L''améthyste korogu', false, 122),
(488, 'Le grenat Gerudo', false, 122),
(489, 'La montagne de Lanelle', false, 123),
(490, 'La montagne de la mort ', false, 123),
(491, 'Le mont du péril', true, 123),
(492, 'Le mont Darunia', false, 123),
(493, 'L''ocarina des fée ', false, 124),
(494, 'L''ocarina Kokiri', false, 124),
(495, 'L''ocarina du temps', false, 124),
(496, 'L''ocarina de Saria', false, 124),
(497, 'Link peut devenir adulte', true, 125),
(498, 'Link peut se transformer en loup', false, 125),
(499, 'Link vole à dos d''oiseau ', false, 125),
(500, 'Link traserse l''océan sur un bateau qui parle ', false, 125),
(501, 'Barinade', false, 126),
(502, 'Bongo-Bongo', false, 126),
(503, 'Koume et Kotake', true, 126),
(504, 'Ganon Spectral', false, 126),
(505, 'Ruto', false, 127),
(506, 'Impa', true, 127),
(507, 'Saria', false, 127),
(508, 'Nabooru', false, 127),
(509, '1996', false, 128),
(510, '1998', true, 128),
(511, '1999', false, 128),
(512, '2000', false, 128),
(513, 'Sheikah', false, 129),
(514, 'Kokiri', false, 129),
(515, 'Hylien', false, 129),
(516, 'Gerudo', true, 129),
(517, 'Impa', false, 130),
(518, 'Ruto', false, 130),
(519, 'Darunia', false, 130),
(520, 'Zelda', true, 130),
(521, 'Incarnam', true, 131),
(522, 'Incarnoob', false, 131),
(523, 'Île Bouftou', false, 131),
(524, 'Île du début', false, 131),
(525, 'Zobal', false, 132),
(526, 'Iop', false, 132),
(527, 'Sacrieur', false, 132),
(528, 'Féca', true, 132),
(529, '10', false, 133),
(530, '15', false, 133),
(531, '20', true, 133),
(532, '25', false, 133),
(533, 'Le Glourséleste', true, 134),
(534, 'Le Tengu Givrefoux', false, 134),
(535, 'Le Gourlot', false, 134),
(536, 'La Missiz Frizz', false, 134),
(537, '50', false, 135),
(538, '100', false, 135),
(539, '200', true, 135),
(540, '300', false, 135),
(541, '50 de sagesse', false, 136),
(542, '1 PA', true, 136),
(543, '20 dommages', false, 136),
(544, '80 puissance', false, 136),
(545, '9', false, 137),
(546, '10', false, 137),
(547, '11', false, 137),
(548, '12', true, 137),
(549, 'Blizzard', false, 138),
(550, 'Activision', false, 138),
(551, 'Ubisoft', false, 138),
(552, 'Ankama', true, 138),
(553, '139', false, 139),
(554, '140', false, 139),
(555, '143', true, 139),
(556, '150', false, 139),
(557, 'Le Dofus émeraude', false, 140),
(558, 'Le Dofus pourpre', false, 140),
(559, 'Le Dofus turquoise', true, 140),
(560, 'Le Dofus Ebène', false, 140),
(561, 'Toto', false, 141),
(562, 'Thomas', true, 141),
(563, 'Toma', false, 141),
(564, 'Antoine', false, 141),
(565, 'Bequy', false, 142),
(566, 'Becky', true, 142),
(567, 'Mme Douglas', false, 142),
(568, 'Joe l''indien', false, 142),
(569, 'L''île Marshall', false, 143),
(570, 'L''île Jackson', true, 143),
(571, 'L''île Rouge', false, 143),
(572, 'L''île Perdue', false, 143),
(573, 'Marc Artwain', false, 144),
(574, 'Jules Verne', false, 144),
(575, 'Mark Twain', true, 144),
(576, 'Antoine de Saint Exupery', false, 144),
(577, 'Personne', false, 145),
(578, 'Tom Sawyer', false, 145),
(579, 'Joe l''indien', true, 145),
(580, 'Mark Twain', false, 145),
(581, 'Tante Polly', false, 146),
(582, 'Joe l''indien', false, 146),
(583, 'La veuve Douglas', false, 146),
(584, 'Personne', true, 146),
(585, 'Au Texas', false, 147),
(586, 'Au Mississippi', true, 147),
(587, 'A 5km du Mississippi', false, 147),
(588, 'Dans la forêt', false, 147),
(589, 'Bon élève', false, 148),
(590, 'Mauvais élève', true, 148),
(591, 'Attentif', false, 148),
(592, 'Turbulent', false, 148),
(593, 'Henry Jackson', false, 149),
(594, 'Huckleberry Finn', true, 149),
(595, 'Johnny Taylor', false, 149),
(596, 'Billy Collins', false, 149),
(597, '5', false, 150),
(598, '14', false, 150),
(599, '54', false, 150),
(600, '2', true, 150),
(601, 'Leo Bonhart', true, 151),
(602, 'Sheldon Skaggs', false, 151),
(603, 'Les frères Michelet', false, 151),
(604, 'Emhyr var Emreis', false, 151),
(605, 'Assire var Anahid', false, 152),
(606, 'Fringilla Vigo', false, 152),
(607, 'Francesca Findabair', true, 152),
(608, 'Filippa Eilhart', false, 152),
(609, 'Elfe nain dryade', false, 153),
(610, 'Nain gnome hobberas', false, 153),
(611, 'Humainselfenain', false, 153),
(612, 'Gnome elfe nain', true, 153),
(613, 'Au Mont Sodden', true, 154),
(614, 'A la bataille de Brenna', false, 154),
(615, 'A la bataille de Maribor', false, 154),
(616, 'A Velen', false, 154),
(617, 'Adalia', false, 155),
(618, 'Ablette', true, 155),
(619, 'Aridea', false, 155),
(620, 'Cair', false, 155),
(621, 'Les parents de Geralt de Riv', true, 156),
(622, 'Des mercenaires à la recherche de Ciri', false, 156),
(623, 'Des sorceleurs de l''école du chat', false, 156),
(624, 'Des magiciennes de la loge', false, 156),
(625, 'Vengerberg', false, 157),
(626, 'Oxenfurt', false, 157),
(627, 'Novigrad', false, 157),
(628, 'Wyzima', true, 157),
(629, 'Filippa Eilhart', true, 158),
(630, 'Sabrina Glevissig', false, 158),
(631, 'Margarita Laux-Antille', false, 158),
(632, 'Triss Mérigold', false, 158),
(633, 'Shilard Fitz-Oesterlen', false, 159),
(634, 'Emhyr var Emreis', true, 159),
(635, 'Cahir Mawr Dyffryn Aep Ceallach', false, 159),
(636, 'Calanthe Fiona Riannon', false, 159),
(637, 'Ils sont tués puis décapités', true, 160),
(638, 'Ils sont emprisonnés', false, 160),
(639, 'Ils sont exilés', false, 160),
(640, 'Ils sont graciés', false, 160),
(641, 'Claude Oscar Monet', true, 161),
(642, 'Claude Édouard Monet', false, 161),
(643, 'Claude Pierre Monet', false, 161),
(644, 'Claude Henri Monet', false, 161),
(645, 'Le classicisme', false, 162),
(646, 'L''impressionnisme', true, 162),
(647, 'Le romantisme', false, 162),
(648, 'Le baroque', false, 162),
(649, 'Paris', true, 163),
(650, 'Giverny', false, 163),
(651, 'Rouen', false, 163),
(652, 'Le Havre', false, 163),
(653, 'Les Meules', false, 164),
(654, 'Les Coquelicots', false, 164),
(655, 'Les Cathédrales', false, 164),
(656, 'Les Nymphéas', true, 164),
(657, 'Paris', false, 165),
(658, 'Giverny', true, 165),
(659, 'Nice', false, 165),
(660, 'Marseille', false, 165),
(661, 'Suzanne Valadon', false, 166),
(662, 'Berthe Morisot', false, 166),
(663, 'Camille Doncieux', true, 166),
(664, 'Mary Cassatt', false, 166),
(665, 'Sa jeunesse', false, 167),
(666, 'Son adolescence', false, 167),
(667, 'Sa maturité', true, 167),
(668, 'Sa vieillesse', false, 167),
(669, 'Une fois', false, 168),
(670, 'Plus de 5 fois ', false, 168),
(671, 'Plus de 15 fois', false, 168),
(672, 'Plus de 30 fois', true, 168),
(673, 'Le musée d''Orsay', true, 169),
(674, 'Le musée du Louvre', false, 169),
(675, 'Le Centre Pompidou', false, 169),
(676, 'Le Musée de l''Orangerie', false, 169),
(677, 'La Promenade', false, 170),
(678, 'Les Nymphéas', false, 170),
(679, 'La Grenouillère', false, 170),
(680, 'Impression soleil levant', true, 170),
(681, '520 m', true, 171),
(682, '620 m', false, 171),
(683, '820 m', false, 171),
(684, '1020 m', false, 171),
(685, 'Reims', false, 172),
(686, 'Grenoble', false, 172),
(687, 'Lyon', false, 172),
(688, 'Dijon', true, 172),
(689, 'Musée du Vatican', false, 173),
(690, 'Musée de l''Ermitage', false, 173),
(691, 'Musée du Louvre', true, 173),
(692, 'Métropolitan museum of Art', false, 173),
(693, 'Thomas Jefferson', false, 174),
(694, 'James Buchanan', false, 174),
(695, 'Gerald Ford', false, 174),
(696, 'Herbert Hoover', false, 174),
(697, 'Antonio Canova ', false, 175),
(698, 'Michel-Ange', true, 175),
(699, 'Léonard de Vinci', false, 175),
(700, 'Auguste Rodin', false, 175),
(701, 'Alberto Giacometti', false, 176),
(702, 'Auguste Rodin', true, 176),
(703, 'Donatello', false, 176),
(704, 'Pablo Picasso', false, 176),
(705, 'Canadien', false, 177),
(706, 'Pakistanais', false, 177),
(707, 'Iranien', false, 177),
(708, 'Britannique', true, 177),
(709, 'Auguste Bartholdi', true, 178),
(710, 'Eugène Viollet-le-Duc', false, 178),
(711, 'Gustave Eiffel', false, 178),
(712, 'Edouard de Laboulaye', false, 178),
(713, 'Jean Bologne', true, 179),
(714, 'Edgars Degas', false, 179),
(715, 'François Girardon', false, 179),
(716, 'Marcel Duchamp', false, 179),
(717, 'Musée Barraco', false, 180),
(718, 'Musée du Capitole à Rome', true, 180),
(719, 'Musée Pio-Clementino', false, 180),
(720, 'Musée national romain à Rome', false, 180),
(721, 'Orchestre symphonique de Boston', false, 181),
(722, 'Orchestre symphonique de Los Angeles', false, 181),
(723, 'Orchestre symphonique de Londres', true, 181),
(724, 'Orchestre symphonique d''Édimbourg', false, 181),
(725, 'Star Wars', false, 182),
(726, 'Les Dents de la mer', false, 182),
(727, 'Indiana Jones et les Aventuriers de l''Arche Perdue', false, 182),
(728, 'Un violon sur le toit', true, 182),
(729, 'La Marche de l''Empereur', false, 183),
(730, 'Olympic Fanfare and Theme', true, 183),
(731, 'Les 7 Mercenaires', false, 183),
(732, 'Fanfare pour la Liberté', false, 183),
(733, 'Tom Hanks', false, 184),
(734, 'Harrison Ford', true, 184),
(735, 'Denzel Washington', false, 184),
(736, 'Robert De Niro', false, 184),
(737, 'The Imperial March', false, 185),
(738, 'The Force Theme', false, 185),
(739, 'Main Title Theme', true, 185),
(740, 'Duel of the Fates', false, 185),
(741, 'Les Dents de la mer', false, 186),
(742, 'La liste de Schindler', true, 186),
(743, 'Rencontres du troisième type', false, 186),
(744, 'Jurassic Park', false, 186),
(745, 'The Empire Strikes Back', false, 187),
(746, 'Close Encounters of the Third Kind', false, 187),
(747, 'The Mission', true, 187),
(748, 'The Witches of Eastwick', false, 187),
(749, 'Indiana Jones et le Temple maudit', false, 188),
(750, 'E.T. l''Extra-Terrestre', true, 188),
(751, 'Les Aventuriers de l''Arche Perdue', false, 188),
(752, 'Star Wars: Episode VI - Le Retour du Jedi', false, 188),
(753, 'The Witches of Eastwick', false, 189),
(754, 'Jurassic Park', false, 189),
(755, 'Les Dents de la mer', false, 189),
(756, 'The Last Emperor', true, 189),
(757, 'Summon the Heroes', false, 190),
(758, 'Olympic Fanfare and Theme', false, 190),
(759, 'The Olympic Spirit', false, 190),
(760, 'Call of the Champions', true, 190),
(761, 'Le concerto pour piano n°4', false, 191),
(762, 'La septième symphonie', false, 191),
(763, 'La lettre à Elise', true, 191),
(764, 'Fidelio', false, 191),
(765, 'L’ode à la joie', true, 192),
(766, 'La septième symphonie', false, 192),
(767, 'La Sonate Clair de Lune', false, 192),
(768, 'La cinquième symphonie', false, 192),
(769, 'Rigoletti', false, 193),
(770, 'Albinoni', true, 193),
(771, 'Bolognini', false, 193),
(772, 'Paganini', false, 193),
(773, 'Violon', false, 194),
(774, 'Harpe', false, 194),
(775, 'Flûte', true, 194),
(776, 'Guitare', false, 194),
(777, 'Mozart', true, 195),
(778, 'Offenbach', false, 195),
(779, 'Rossini', false, 195),
(780, 'Beaumarchais', false, 195),
(781, 'Debussy', true, 196),
(782, 'Picasso', false, 196),
(783, 'Chopin', false, 196),
(784, 'Berlioz', false, 196),
(785, 'Gaetano Donizetti', false, 197),
(786, 'Gioachino Rossini', true, 197),
(787, 'Giuseppe Verdi', false, 197),
(788, 'Jean-Jacques Goldman', false, 197),
(789, 'Jean-Claude', false, 198),
(790, 'Henri', false, 198),
(791, 'Georges', true, 198),
(792, 'Jacques', false, 198),
(793, 'La balade', false, 199),
(794, 'La danse', false, 199),
(795, 'La chevauchée', true, 199),
(796, 'Montée', false, 199),
(797, 'Le lac des Cygnes', false, 200),
(798, 'Casse-noisette', false, 200),
(799, 'Ave Maria', true, 200),
(800, 'Manfred', false, 200),
(801, '1914', true, 201),
(802, '1915', false, 201),
(803, '1916', false, 201),
(804, '1917', false, 201),
(805, 'Traité de Versailles', true, 202),
(806, 'Traité de Trianon', false, 202),
(807, 'Traité de Sèvres', false, 202),
(808, 'Traité de Saint-Germain-en-Laye', false, 202),
(809, 'Georges Clemenceau', false, 203),
(810, 'Raymond Poincaré', true, 203),
(811, 'Alexandre Millerand', false, 203),
(812, 'Paul Deschanel', false, 203),
(813, 'Bataille de Verdun', false, 204),
(814, 'Bataille de la Somme', true, 204),
(815, 'Bataille de la Marne', false, 204),
(816, 'Bataille de la Meuse', false, 204),
(817, 'Bataille de Verdun', false, 205),
(818, 'Bataille de la Somme', false, 205),
(819, 'Bataille de la Marne', true, 205),
(820, 'Bataille de la Meuse', false, 205),
(821, 'Offensive de la Somme', false, 206),
(822, 'Offensive de la Marne', false, 206),
(823, 'Offensive du Chemin des Dames', false, 206),
(824, 'Offensive du Printemps', true, 206),
(825, '28 juin 1918', false, 207),
(826, '28 juillet 1918', false, 207),
(827, '28 juin 1919', false, 207),
(828, '28 juillet 1919', false, 207),
(829, 'Armistice de Rethondes', true, 208),
(830, 'Armistice de Compiègne', false, 208),
(831, 'Armistice de Versailles', false, 208),
(832, 'Armistice de Trianon', false, 208),
(833, 'Les Jeunesses balkaniques', false, 209),
(834, 'Le Black Hand', true, 209),
(835, 'Les Jeunesses socialistes', false, 209),
(836, 'La Croix-Rouge', false, 209),
(837, 'Ferdinand Foch', true, 210),
(838, 'Philippe Pétain', false, 210),
(839, 'Joseph Joffre', false, 210),
(840, 'Henri-Philippe Pétain', false, 210),
(841, 'Traité de Versailles', true, 211),
(842, 'Traité de Munich', false, 211),
(843, 'Traité de Maastricht', false, 211),
(844, 'Traité de Rome', false, 211),
(845, 'Soisson', false, 212),
(846, 'Lyon', false, 212),
(847, 'Marseille', true, 212),
(848, 'Versailles', false, 212),
(849, 'Le Grand', false, 213),
(850, 'Le Beau', false, 213),
(851, 'Le Gauche', false, 213),
(852, 'le Gros', false, 213),
(853, 'Lyon', false, 214),
(854, 'Vichy', true, 214),
(855, 'Poitier', false, 214),
(856, 'Verdun', false, 214),
(857, 'Bretagne', false, 215),
(858, 'Languedoc', false, 215),
(859, 'Poitou-Charente', false, 215),
(860, 'Normandie', true, 215),
(861, 'Les barbus', false, 216),
(862, 'Les frisés ', false, 216),
(863, 'Les chevelus', true, 216),
(864, 'Les chauves', false, 216),
(865, 'Durandal', true, 217),
(866, 'Excalibur', false, 217),
(867, 'Almace', false, 217),
(868, 'Joyeuse', false, 217),
(869, '1639', false, 218),
(870, '1795', true, 218),
(871, '1860', false, 218),
(872, '1918', false, 218),
(873, 'Date de la prise de la Bastille', false, 219),
(874, 'Armistice de la Première Guerre Mondiale', true, 219),
(875, 'Armistice de la Seconde Guerre Mondiale', false, 219),
(876, 'Date de l''abolition de la peine de mort', false, 219),
(877, 'Les Gallo-Romains', false, 220),
(878, 'Les Capétiens', false, 220),
(879, 'Les Carolingiens', true, 220),
(880, 'Les Valois', false, 220),
(881, 'L''abandon de la gestion forestière pour permettre à la forêt de se régénérer', false, 221),
(882, 'La plantation d''arbres pour augmenter la surface forestière', false, 221),
(883, 'L''exploitation de la forêt sans endommager les arbres', false, 221),
(884, 'L''abandon de la gestion forestière pour permettre à la forêt de se régénérer', false, 221),
(885, 'L''exploitation forestière légale', false, 222),
(886, 'Les feux de forêt', false, 222),
(887, 'L''agriculture industrielle', true, 222),
(888, 'Les activités minières', false, 222),
(889, 'En Amérique du Nord', false, 223),
(890, 'En Europe', false, 223),
(891, 'En Asie', true, 223),
(892, 'En Afrique', false, 223),
(893, 'Moins de 1 million d''hectares', false, 224),
(894, 'Entre 1 et 5 millions d''hectares', false, 224),
(895, 'Entre 5 et 10 millions d''hectares', false, 224),
(896, 'Plus de 10 millions d''hectares', true, 224),
(897, 'Perte de biodiversité et érosion des sols', true, 225),
(898, 'Augmentation de la qualité de l''air et réduction du risque d''inondation', false, 225),
(899, 'Diminution de l''effet de serre et augmentation des réserves d''eau douce', false, 225),
(900, 'Amélioration des conditions de vie des populations locales et augmentation des ressources forestières', false, 225),
(901, 'Amélioration des conditions de vie des populations locales', false, 226),
(902, 'Déplacement forcé de communautés indigènes', true, 226),
(903, 'Développement de l''agriculture durable', false, 226),
(904, 'Création d''emplois dans le secteur forestier', false, 226),
(905, 'La reforestation et la régénération naturelle assistée', false, 227),
(906, 'La réduction de la consommation de viande', false, 227),
(907, 'La mise en place de systèmes de gestion forestière durable', false, 227),
(908, 'Toutes les réponses précédentes', true, 227),
(909, 'La certification FSC', false, 228),
(910, 'La certification PEFC', true, 228),
(911, 'La certification ISO 14001', false, 228),
(912, 'La certification EMAS', false, 228),
(913, '15%', false, 229),
(914, '30%', true, 229),
(915, '40%', false, 229),
(916, '50%', false, 229),
(917, '15%', false, 230),
(918, '23%', false, 230),
(919, '37%', true, 230),
(920, '45%', false, 230),
(921, 'Kilimandjaro', false, 231),
(922, 'Mont Fuji', false, 231),
(923, 'Everest', true, 231),
(924, 'Mont Blanc', false, 231),
(925, '7549m', false, 232),
(926, '8249m', false, 232),
(927, '8849m', true, 232),
(928, '9349m', false, 232),
(929, 'Annapurna', false, 233),
(930, 'Makalu', false, 233),
(931, 'K2', true, 233),
(932, 'Aconcagua', false, 233),
(933, '4608m', false, 234),
(934, '4808m', true, 234),
(935, '5008m', false, 234),
(936, '5208m', false, 234),
(937, 'Europe', false, 235),
(938, 'Asie', false, 235),
(939, 'Amérique du sud', false, 235),
(940, 'Afrique', true, 235),
(941, 'Le pic d''Aneto', false, 236),
(942, 'Le crêt de la Neige', false, 236),
(943, 'Le mont Cinto', false, 236),
(944, 'Le pic de Vignemale', true, 236),
(945, 'Mont Ortigara', false, 237),
(946, 'Mont Moussala', false, 237),
(947, 'Mont Dinara', false, 237),
(948, 'Mont Olympe', true, 237),
(949, 'La Cordillère des Andes', true, 238),
(950, 'Le massif de l''Atlas', false, 238),
(951, 'L''Himalaya', false, 238),
(952, 'Les Appalaches', false, 238),
(953, 'Karakorum', false, 239),
(954, 'Hindou Kouch', false, 239),
(955, 'Himalaya', true, 239),
(956, 'Les Andes', false, 239),
(957, 'Egypte', false, 240),
(958, 'Turquie', false, 240),
(959, 'Maroc', true, 240),
(960, 'Kenya', false, 240),
(961, 'String', true, 241),
(962, 'Number', false, 241),
(963, 'Boolean', false, 241),
(964, 'Undefined', false, 241),
(965, 'push()', true, 242),
(966, 'pop()', false, 242),
(967, 'shift()', false, 242),
(968, 'unshift()', false, 242),
(969, 'document.createElement()', true, 243),
(970, 'document.createNode()', false, 243),
(971, 'document.newElement()', false, 243),
(972, 'document.addNode()', false, 243),
(973, 'Time', false, 244),
(974, 'Date', true, 244),
(975, 'Clock', false, 244),
(976, 'DateTime', false, 244),
(977, 'En utilisant la méthode attachEvent()', false, 245),
(978, 'En utilisant la méthode onClick()', false, 245),
(979, 'En utilisant la méthode onEvent()', false, 245),
(980, 'En utilisant la méthode addEventListener()', true, 245),
(981, 'En utilisant l''instruction continue', false, 246),
(982, 'En utilisant l''instruction break', true, 246),
(983, 'En utilisant l''instruction return', false, 246),
(984, 'En utilisant l''instruction exit', false, 246),
(985, 'toNumber()', false, 247),
(986, 'parseInt()', true, 247),
(987, 'convertNumber()', false, 247),
(988, 'castNumber()', false, 247),
(989, 'slice()', false, 248),
(990, 'splice()', false, 248),
(991, 'pop()', true, 248),
(992, 'shift()', false, 248),
(993, 'unshift()', true, 249),
(994, 'shift()', false, 249),
(995, 'push()', false, 249),
(996, 'concat()', false, 249),
(997, 'contains()', false, 250),
(998, 'exists()', false, 250),
(999, 'check()', false, 250),
(1000, 'includes()', true, 250),
(1001, '45 millions d''années', false, 251),
(1002, '45 milliards d''années', true, 251),
(1003, '45 milliards d''années', true, 251),
(1004, '450 milliards d''années', false, 251),
(1005, 'Un astre qui émet de la lumière', true, 252),
(1006, 'Un astre qui émet de la chaleur', false, 252),
(1007, 'Un astre de grande taille', false, 252),
(1008, 'Un astre qui se déplace à grande vitesse', false, 252),
(1009, '20 juillet 1966', false, 253),
(1010, '20 juillet 1967', false, 253),
(1011, '20 juillet 1968', false, 253),
(1012, '20 juillet 1969', true, 253),
(1013, 'Vénus', true, 254),
(1014, 'Mars', false, 254),
(1015, 'Neptune', false, 254),
(1016, 'Mercure', false, 254),
(1017, '1 jour', false, 255),
(1018, '1 mois', false, 255),
(1019, '1 an', true, 255),
(1020, '4 ans', false, 255),
(1021, 'Les mégaplanètes', false, 256),
(1022, 'Les exoplanètes', true, 256),
(1023, 'Les planétoides', false, 256),
(1024, 'Les planètes', false, 256),
(1025, '40°C', false, 257),
(1026, '75°C', false, 257),
(1027, '169°C', true, 257),
(1028, '419°C', false, 257),
(1029, '1610', true, 258),
(1030, '1710', false, 258),
(1031, '1810', false, 258),
(1032, '1910', false, 258),
(1033, 'Mercure', false, 259),
(1034, 'Mars', false, 259),
(1035, 'Venus', false, 259),
(1036, 'Pluton', true, 259),
(1037, 'Neptune', false, 260),
(1038, 'Jupiter', true, 260),
(1039, 'Uranus', false, 260),
(1040, 'Lune', false, 260);

COMMIT;
